market,fiscal_quarter,sell_in_units,sell_out_units,opening_channel_stock_units,closing_channel_stock_units,sell_through_rate_pct
SA,2026-Q1,406850,395000,144834,156684,71.6
SA,2026-Q2,405902,410000,156684,152586,72.9
SA,2026-Q3,472116,452000,152586,172702,72.4
AE,2026-Q1,181282,176000,64534,69816,71.6
AE,2026-Q2,178200,180000,69816,68016,72.6
AE,2026-Q3,217628,205000,68016,80644,71.8
EG,2026-Q1,237929,231000,84700,91629,71.6
EG,2026-Q2,237599,240000,91629,89228,72.9
EG,2026-Q3,298575,262000,89228,125803,67.6
MA,2026-Q1,95790,93000,34100,36890,71.6
MA,2026-Q2,94049,95000,36890,35939,72.6
MA,2026-Q3,109564,101000,35939,44503,69.4
