market,model_code,model,month,fiscal_quarter,sell_in_units,sell_out_units,channel_stock_units
SA,S26U,Galaxy S26 Ultra,2026-01,2026-Q1,18227,17696,20808
SA,S26U,Galaxy S26 Ultra,2026-02,2026-Q1,18796,18249,21355
SA,S26U,Galaxy S26 Ultra,2026-03,2026-Q1,19936,19355,21936
SA,S26,Galaxy S26,2026-01,2026-Q1,15623,15168,17835
SA,S26,Galaxy S26,2026-02,2026-Q1,16111,15642,18304
SA,S26,Galaxy S26,2026-03,2026-Q1,17088,16590,18802
SA,A57,Galaxy A57,2026-01,2026-Q1,31246,30336,35670
SA,A57,Galaxy A57,2026-02,2026-Q1,32223,31284,36609
SA,A57,Galaxy A57,2026-03,2026-Q1,34175,33180,37604
SA,A37,Galaxy A37,2026-01,2026-Q1,35152,34128,40129
SA,A37,Galaxy A37,2026-02,2026-Q1,36251,35195,41185
SA,A37,Galaxy A37,2026-03,2026-Q1,38447,37327,42305
SA,A17,Galaxy A17,2026-01,2026-Q1,29944,29072,34184
SA,A17,Galaxy A17,2026-02,2026-Q1,30880,29981,35083
SA,A17,Galaxy A17,2026-03,2026-Q1,32751,31797,36037
SA,S26U,Galaxy S26 Ultra,2026-04,2026-Q2,18184,18368,21752
SA,S26U,Galaxy S26 Ultra,2026-05,2026-Q2,18753,18942,21563
SA,S26U,Galaxy S26 Ultra,2026-06,2026-Q2,19889,20090,21362
SA,S26,Galaxy S26,2026-04,2026-Q2,15587,15744,18645
SA,S26,Galaxy S26,2026-05,2026-Q2,16074,16236,18483
SA,S26,Galaxy S26,2026-06,2026-Q2,17048,17220,18311
SA,A57,Galaxy A57,2026-04,2026-Q2,31173,31488,37289
SA,A57,Galaxy A57,2026-05,2026-Q2,32147,32472,36964
SA,A57,Galaxy A57,2026-06,2026-Q2,34096,34440,36620
SA,A37,Galaxy A37,2026-04,2026-Q2,35070,35424,41951
SA,A37,Galaxy A37,2026-05,2026-Q2,36166,36531,41586
SA,A37,Galaxy A37,2026-06,2026-Q2,38358,38745,41199
SA,A17,Galaxy A17,2026-04,2026-Q2,29874,30176,35735
SA,A17,Galaxy A17,2026-05,2026-Q2,30808,31119,35424
SA,A17,Galaxy A17,2026-06,2026-Q2,32675,33005,35094
SA,S26U,Galaxy S26 Ultra,2026-07,2026-Q3,17531,17357,21536
SA,S26U,Galaxy S26 Ultra,2026-08,2026-Q3,18078,17899,21715
SA,S26U,Galaxy S26 Ultra,2026-09,2026-Q3,19174,18984,21905
SA,S26,Galaxy S26,2026-07,2026-Q3,14609,14464,18456
SA,S26,Galaxy S26,2026-08,2026-Q3,15065,14916,18605
SA,S26,Galaxy S26,2026-09,2026-Q3,15978,15820,18763
SA,A57,Galaxy A57,2026-07,2026-Q3,38590,33267,41943
SA,A57,Galaxy A57,2026-08,2026-Q3,39796,34307,47432
SA,A57,Galaxy A57,2026-09,2026-Q3,42208,36386,53254
SA,A37,Galaxy A37,2026-07,2026-Q3,35061,34714,41546
SA,A37,Galaxy A37,2026-08,2026-Q3,36156,35798,41904
SA,A37,Galaxy A37,2026-09,2026-Q3,38348,37968,42284
SA,A17,Galaxy A17,2026-07,2026-Q3,32139,31821,35412
SA,A17,Galaxy A17,2026-08,2026-Q3,33143,32815,35740
SA,A17,Galaxy A17,2026-09,2026-Q3,35152,34804,36088
SA,ZFL8,Galaxy Z Flip8,2026-07,2026-Q3,6027,5967,60
SA,ZFL8,Galaxy Z Flip8,2026-08,2026-Q3,9861,9763,158
SA,ZFL8,Galaxy Z Flip8,2026-09,2026-Q3,11504,11390,272
SA,ZFD8,Galaxy Z Fold8,2026-07,2026-Q3,3013,2983,30
SA,ZFD8,Galaxy Z Fold8,2026-08,2026-Q3,4931,4882,79
SA,ZFD8,Galaxy Z Fold8,2026-09,2026-Q3,5752,5695,136
AE,S26U,Galaxy S26 Ultra,2026-01,2026-Q1,8122,7885,9272
AE,S26U,Galaxy S26 Ultra,2026-02,2026-Q1,8375,8131,9516
AE,S26U,Galaxy S26 Ultra,2026-03,2026-Q1,8883,8624,9775
AE,S26,Galaxy S26,2026-01,2026-Q1,6961,6758,7947
AE,S26,Galaxy S26,2026-02,2026-Q1,7179,6970,8156
AE,S26,Galaxy S26,2026-03,2026-Q1,7614,7392,8378
AE,A57,Galaxy A57,2026-01,2026-Q1,13923,13517,15894
AE,A57,Galaxy A57,2026-02,2026-Q1,14357,13939,16312
AE,A57,Galaxy A57,2026-03,2026-Q1,15228,14784,16756
AE,A37,Galaxy A37,2026-01,2026-Q1,15662,15206,17880
AE,A37,Galaxy A37,2026-02,2026-Q1,16152,15682,18350
AE,A37,Galaxy A37,2026-03,2026-Q1,17131,16632,18849
AE,A17,Galaxy A17,2026-01,2026-Q1,13343,12954,15232
AE,A17,Galaxy A17,2026-02,2026-Q1,13759,13358,15633
AE,A17,Galaxy A17,2026-03,2026-Q1,14593,14168,16058
AE,S26U,Galaxy S26 Ultra,2026-04,2026-Q2,7983,8064,9694
AE,S26U,Galaxy S26 Ultra,2026-05,2026-Q2,8233,8316,9611
AE,S26U,Galaxy S26 Ultra,2026-06,2026-Q2,8732,8820,9523
AE,S26,Galaxy S26,2026-04,2026-Q2,6843,6912,8309
AE,S26,Galaxy S26,2026-05,2026-Q2,7057,7128,8238
AE,S26,Galaxy S26,2026-06,2026-Q2,7484,7560,8162
AE,A57,Galaxy A57,2026-04,2026-Q2,13686,13824,16618
AE,A57,Galaxy A57,2026-05,2026-Q2,14113,14256,16475
AE,A57,Galaxy A57,2026-06,2026-Q2,14969,15120,16324
AE,A37,Galaxy A37,2026-04,2026-Q2,15396,15552,18693
AE,A37,Galaxy A37,2026-05,2026-Q2,15878,16038,18533
AE,A37,Galaxy A37,2026-06,2026-Q2,16840,17010,18363
AE,A17,Galaxy A17,2026-04,2026-Q2,13116,13248,15926
AE,A17,Galaxy A17,2026-05,2026-Q2,13525,13662,15789
AE,A17,Galaxy A17,2026-06,2026-Q2,14345,14490,15644
AE,S26U,Galaxy S26 Ultra,2026-07,2026-Q3,7951,7872,9602
AE,S26U,Galaxy S26 Ultra,2026-08,2026-Q3,8199,8118,9683
AE,S26U,Galaxy S26 Ultra,2026-09,2026-Q3,8696,8610,9769
AE,S26,Galaxy S26,2026-07,2026-Q3,6626,6560,8228
AE,S26,Galaxy S26,2026-08,2026-Q3,6833,6765,8296
AE,S26,Galaxy S26,2026-09,2026-Q3,7247,7175,8368
AE,A57,Galaxy A57,2026-07,2026-Q3,15239,15088,16475
AE,A57,Galaxy A57,2026-08,2026-Q3,15716,15560,16631
AE,A57,Galaxy A57,2026-09,2026-Q3,16667,16502,16796
AE,A37,Galaxy A37,2026-07,2026-Q3,15901,15744,18520
AE,A37,Galaxy A37,2026-08,2026-Q3,16398,16236,18682
AE,A37,Galaxy A37,2026-09,2026-Q3,17392,17220,18854
AE,A17,Galaxy A17,2026-07,2026-Q3,14576,14432,15788
AE,A17,Galaxy A17,2026-08,2026-Q3,15032,14883,15937
AE,A17,Galaxy A17,2026-09,2026-Q3,15943,15785,16095
AE,ZFL8,Galaxy Z Flip8,2026-07,2026-Q3,4465,2706,1759
AE,ZFL8,Galaxy Z Flip8,2026-08,2026-Q3,7306,4428,4637
AE,ZFL8,Galaxy Z Flip8,2026-09,2026-Q3,8524,5166,7995
AE,ZFD8,Galaxy Z Fold8,2026-07,2026-Q3,1962,1353,609
AE,ZFD8,Galaxy Z Fold8,2026-08,2026-Q3,3210,2214,1605
AE,ZFD8,Galaxy Z Fold8,2026-09,2026-Q3,3745,2583,2767
EG,S26U,Galaxy S26 Ultra,2026-01,2026-Q1,10659,10349,12168
EG,S26U,Galaxy S26 Ultra,2026-02,2026-Q1,10992,10672,12488
EG,S26U,Galaxy S26 Ultra,2026-03,2026-Q1,11659,11319,12828
EG,S26,Galaxy S26,2026-01,2026-Q1,9136,8870,10430
EG,S26,Galaxy S26,2026-02,2026-Q1,9422,9148,10704
EG,S26,Galaxy S26,2026-03,2026-Q1,9993,9702,10995
EG,A57,Galaxy A57,2026-01,2026-Q1,18273,17741,20860
EG,A57,Galaxy A57,2026-02,2026-Q1,18844,18295,21409
EG,A57,Galaxy A57,2026-03,2026-Q1,19986,19404,21991
EG,A37,Galaxy A37,2026-01,2026-Q1,20557,19958,23468
EG,A37,Galaxy A37,2026-02,2026-Q1,21199,20582,24085
EG,A37,Galaxy A37,2026-03,2026-Q1,22485,21830,24740
EG,A17,Galaxy A17,2026-01,2026-Q1,17512,17002,19991
EG,A17,Galaxy A17,2026-02,2026-Q1,18059,17533,20517
EG,A17,Galaxy A17,2026-03,2026-Q1,19153,18595,21075
EG,S26U,Galaxy S26 Ultra,2026-04,2026-Q2,10644,10752,12720
EG,S26U,Galaxy S26 Ultra,2026-05,2026-Q2,10977,11088,12609
EG,S26U,Galaxy S26 Ultra,2026-06,2026-Q2,11642,11760,12491
EG,S26,Galaxy S26,2026-04,2026-Q2,9124,9216,10903
EG,S26,Galaxy S26,2026-05,2026-Q2,9409,9504,10808
EG,S26,Galaxy S26,2026-06,2026-Q2,9979,10080,10707
EG,A57,Galaxy A57,2026-04,2026-Q2,18248,18432,21807
EG,A57,Galaxy A57,2026-05,2026-Q2,18818,19008,21617
EG,A57,Galaxy A57,2026-06,2026-Q2,19958,20160,21415
EG,A37,Galaxy A37,2026-04,2026-Q2,20529,20736,24533
EG,A37,Galaxy A37,2026-05,2026-Q2,21170,21384,24319
EG,A37,Galaxy A37,2026-06,2026-Q2,22453,22680,24092
EG,A17,Galaxy A17,2026-04,2026-Q2,17487,17664,20898
EG,A17,Galaxy A17,2026-05,2026-Q2,18034,18216,20716
EG,A17,Galaxy A17,2026-06,2026-Q2,19127,19320,20523
EG,S26U,Galaxy S26 Ultra,2026-07,2026-Q3,10162,10061,12592
EG,S26U,Galaxy S26 Ultra,2026-08,2026-Q3,10479,10375,12696
EG,S26U,Galaxy S26 Ultra,2026-09,2026-Q3,11114,11004,12806
EG,S26,Galaxy S26,2026-07,2026-Q3,8468,8384,10791
EG,S26,Galaxy S26,2026-08,2026-Q3,8732,8646,10877
EG,S26,Galaxy S26,2026-09,2026-Q3,9262,9170,10969
EG,A57,Galaxy A57,2026-07,2026-Q3,19476,19283,21608
EG,A57,Galaxy A57,2026-08,2026-Q3,20085,19886,21807
EG,A57,Galaxy A57,2026-09,2026-Q3,21302,21091,22018
EG,A37,Galaxy A37,2026-07,2026-Q3,31189,20122,35159
EG,A37,Galaxy A37,2026-08,2026-Q3,32162,20750,46571
EG,A37,Galaxy A37,2026-09,2026-Q3,34112,22008,58675
EG,A17,Galaxy A17,2026-07,2026-Q3,18629,18445,20707
EG,A17,Galaxy A17,2026-08,2026-Q3,19211,19021,20897
EG,A17,Galaxy A17,2026-09,2026-Q3,20376,20174,21099
EG,ZFL8,Galaxy Z Flip8,2026-07,2026-Q3,3494,3459,35
EG,ZFL8,Galaxy Z Flip8,2026-08,2026-Q3,5716,5659,92
EG,ZFL8,Galaxy Z Flip8,2026-09,2026-Q3,6668,6602,158
EG,ZFD8,Galaxy Z Fold8,2026-07,2026-Q3,1746,1729,17
EG,ZFD8,Galaxy Z Fold8,2026-08,2026-Q3,2858,2830,45
EG,ZFD8,Galaxy Z Fold8,2026-09,2026-Q3,3334,3301,78
MA,S26U,Galaxy S26 Ultra,2026-01,2026-Q1,4291,4166,4899
MA,S26U,Galaxy S26 Ultra,2026-02,2026-Q1,4426,4297,5028
MA,S26U,Galaxy S26 Ultra,2026-03,2026-Q1,4694,4557,5165
MA,S26,Galaxy S26,2026-01,2026-Q1,3678,3571,4199
MA,S26,Galaxy S26,2026-02,2026-Q1,3793,3683,4309
MA,S26,Galaxy S26,2026-03,2026-Q1,4023,3906,4426
MA,A57,Galaxy A57,2026-01,2026-Q1,7356,7142,8398
MA,A57,Galaxy A57,2026-02,2026-Q1,7587,7366,8619
MA,A57,Galaxy A57,2026-03,2026-Q1,8046,7812,8853
MA,A37,Galaxy A37,2026-01,2026-Q1,8276,8035,9448
MA,A37,Galaxy A37,2026-02,2026-Q1,8535,8286,9697
MA,A37,Galaxy A37,2026-03,2026-Q1,9053,8789,9961
MA,A17,Galaxy A17,2026-01,2026-Q1,7050,6845,8048
MA,A17,Galaxy A17,2026-02,2026-Q1,7271,7059,8260
MA,A17,Galaxy A17,2026-03,2026-Q1,7711,7486,8485
MA,S26U,Galaxy S26 Ultra,2026-04,2026-Q2,4213,4256,5122
MA,S26U,Galaxy S26 Ultra,2026-05,2026-Q2,4345,4389,5078
MA,S26U,Galaxy S26 Ultra,2026-06,2026-Q2,4608,4655,5031
MA,S26,Galaxy S26,2026-04,2026-Q2,3612,3648,4390
MA,S26,Galaxy S26,2026-05,2026-Q2,3724,3762,4352
MA,S26,Galaxy S26,2026-06,2026-Q2,3950,3990,4312
MA,A57,Galaxy A57,2026-04,2026-Q2,7223,7296,8780
MA,A57,Galaxy A57,2026-05,2026-Q2,7449,7524,8705
MA,A57,Galaxy A57,2026-06,2026-Q2,7900,7980,8625
MA,A37,Galaxy A37,2026-04,2026-Q2,8126,8208,9879
MA,A37,Galaxy A37,2026-05,2026-Q2,8380,8465,9794
MA,A37,Galaxy A37,2026-06,2026-Q2,8887,8977,9704
MA,A17,Galaxy A17,2026-04,2026-Q2,6922,6992,8415
MA,A17,Galaxy A17,2026-05,2026-Q2,7139,7211,8343
MA,A17,Galaxy A17,2026-06,2026-Q2,7571,7647,8267
MA,S26U,Galaxy S26 Ultra,2026-07,2026-Q3,3917,3878,5070
MA,S26U,Galaxy S26 Ultra,2026-08,2026-Q3,4040,4000,5110
MA,S26U,Galaxy S26 Ultra,2026-09,2026-Q3,4284,4242,5152
MA,S26,Galaxy S26,2026-07,2026-Q3,3264,3232,4344
MA,S26,Galaxy S26,2026-08,2026-Q3,3366,3333,4377
MA,S26,Galaxy S26,2026-09,2026-Q3,3570,3535,4412
MA,A57,Galaxy A57,2026-07,2026-Q3,7508,7434,8699
MA,A57,Galaxy A57,2026-08,2026-Q3,7743,7666,8776
MA,A57,Galaxy A57,2026-09,2026-Q3,8211,8130,8857
MA,A37,Galaxy A37,2026-07,2026-Q3,7835,7757,9782
MA,A37,Galaxy A37,2026-08,2026-Q3,8079,7999,9862
MA,A37,Galaxy A37,2026-09,2026-Q3,8569,8484,9947
MA,A17,Galaxy A17,2026-07,2026-Q3,9598,7110,10755
MA,A17,Galaxy A17,2026-08,2026-Q3,9900,7333,13322
MA,A17,Galaxy A17,2026-09,2026-Q3,10499,7777,16044
MA,ZFL8,Galaxy Z Flip8,2026-07,2026-Q3,1346,1333,13
MA,ZFL8,Galaxy Z Flip8,2026-08,2026-Q3,2204,2182,35
MA,ZFL8,Galaxy Z Flip8,2026-09,2026-Q3,2570,2545,60
MA,ZFD8,Galaxy Z Fold8,2026-07,2026-Q3,674,667,7
MA,ZFD8,Galaxy Z Fold8,2026-08,2026-Q3,1102,1091,18
MA,ZFD8,Galaxy Z Fold8,2026-09,2026-Q3,1285,1272,31
