market,fiscal_quarter,spend_category,spend_usd,local_currency,spend_local,fx_planning_rate
SA,2026-Q1,ATL media,1155000,SAR,4331250,3.75
SA,2026-Q1,Digital,990000,SAR,3712500,3.75
SA,2026-Q1,Retail activation,825000,SAR,3093750,3.75
SA,2026-Q1,Sponsorship,330000,SAR,1237500,3.75
SA,2026-Q2,ATL media,1260000,SAR,4725000,3.75
SA,2026-Q2,Digital,1080000,SAR,4050000,3.75
SA,2026-Q2,Retail activation,900000,SAR,3375000,3.75
SA,2026-Q2,Sponsorship,360000,SAR,1350000,3.75
SA,2026-Q3,ATL media,1470000,SAR,5512500,3.75
SA,2026-Q3,Digital,1260000,SAR,4725000,3.75
SA,2026-Q3,Retail activation,1050000,SAR,3937500,3.75
SA,2026-Q3,Sponsorship,420000,SAR,1575000,3.75
AE,2026-Q1,ATL media,770000,AED,2827825,3.6725
AE,2026-Q1,Digital,660000,AED,2423850,3.6725
AE,2026-Q1,Retail activation,550000,AED,2019875,3.6725
AE,2026-Q1,Sponsorship,220000,AED,807950,3.6725
AE,2026-Q2,ATL media,840000,AED,3084900,3.6725
AE,2026-Q2,Digital,720000,AED,2644200,3.6725
AE,2026-Q2,Retail activation,600000,AED,2203500,3.6725
AE,2026-Q2,Sponsorship,240000,AED,881400,3.6725
AE,2026-Q3,ATL media,910000,AED,3341975,3.6725
AE,2026-Q3,Digital,780000,AED,2864550,3.6725
AE,2026-Q3,Retail activation,650000,AED,2387125,3.6725
AE,2026-Q3,Sponsorship,260000,AED,954850,3.6725
EG,2026-Q1,ATL media,350000,EGP,16975000,48.5
EG,2026-Q1,Digital,300000,EGP,14550000,48.5
EG,2026-Q1,Retail activation,250000,EGP,12125000,48.5
EG,2026-Q1,Sponsorship,100000,EGP,4850000,48.5
EG,2026-Q2,ATL media,385000,EGP,18942000,49.2
EG,2026-Q2,Digital,330000,EGP,16236000,49.2
EG,2026-Q2,Retail activation,275000,EGP,13530000,49.2
EG,2026-Q2,Sponsorship,110000,EGP,5412000,49.2
EG,2026-Q3,ATL media,525000,EGP,25672500,48.9
EG,2026-Q3,Digital,450000,EGP,22005000,48.9
EG,2026-Q3,Retail activation,375000,EGP,18337500,48.9
EG,2026-Q3,Sponsorship,150000,EGP,7335000,48.9
MA,2026-Q1,ATL media,227500,MAD,2263625,9.95
MA,2026-Q1,Digital,195000,MAD,1940250,9.95
MA,2026-Q1,Retail activation,162500,MAD,1616875,9.95
MA,2026-Q1,Sponsorship,65000,MAD,646750,9.95
MA,2026-Q2,ATL media,245000,MAD,2425500,9.9
MA,2026-Q2,Digital,210000,MAD,2079000,9.9
MA,2026-Q2,Retail activation,175000,MAD,1732500,9.9
MA,2026-Q2,Sponsorship,70000,MAD,693000,9.9
