market,model_code,model,month,new_device_activations,d30_active_rate_pct,galaxy_store_mau_per_device
SA,S26U,Galaxy S26 Ultra,2026-01,17165,91.0,3.13
SA,S26U,Galaxy S26 Ultra,2026-02,17702,91.0,3.13
SA,S26U,Galaxy S26 Ultra,2026-03,18774,91.0,3.13
SA,S26,Galaxy S26,2026-01,14713,91.0,3.13
SA,S26,Galaxy S26,2026-02,15173,91.0,3.13
SA,S26,Galaxy S26,2026-03,16092,91.0,3.13
SA,A57,Galaxy A57,2026-01,29426,86.0,2.29
SA,A57,Galaxy A57,2026-02,30345,86.0,2.29
SA,A57,Galaxy A57,2026-03,32185,86.0,2.29
SA,A37,Galaxy A37,2026-01,33104,86.0,2.29
SA,A37,Galaxy A37,2026-02,34139,86.0,2.29
SA,A37,Galaxy A37,2026-03,36207,86.0,2.29
SA,A17,Galaxy A17,2026-01,28200,86.0,2.29
SA,A17,Galaxy A17,2026-02,29082,86.0,2.29
SA,A17,Galaxy A17,2026-03,30843,86.0,2.29
SA,S26U,Galaxy S26 Ultra,2026-04,17817,91.0,3.13
SA,S26U,Galaxy S26 Ultra,2026-05,18374,91.0,3.13
SA,S26U,Galaxy S26 Ultra,2026-06,19487,91.0,3.13
SA,S26,Galaxy S26,2026-04,15272,91.0,3.13
SA,S26,Galaxy S26,2026-05,15749,91.0,3.13
SA,S26,Galaxy S26,2026-06,16703,91.0,3.13
SA,A57,Galaxy A57,2026-04,30543,86.0,2.29
SA,A57,Galaxy A57,2026-05,31498,86.0,2.29
SA,A57,Galaxy A57,2026-06,33407,86.0,2.29
SA,A37,Galaxy A37,2026-04,34361,86.0,2.29
SA,A37,Galaxy A37,2026-05,35435,86.0,2.29
SA,A37,Galaxy A37,2026-06,37583,86.0,2.29
SA,A17,Galaxy A17,2026-04,29271,86.0,2.29
SA,A17,Galaxy A17,2026-05,30185,86.0,2.29
SA,A17,Galaxy A17,2026-06,32015,86.0,2.29
SA,S26U,Galaxy S26 Ultra,2026-07,16836,91.0,3.13
SA,S26U,Galaxy S26 Ultra,2026-08,17362,91.0,3.13
SA,S26U,Galaxy S26 Ultra,2026-09,18414,91.0,3.13
SA,S26,Galaxy S26,2026-07,14030,91.0,3.13
SA,S26,Galaxy S26,2026-08,14469,91.0,3.13
SA,S26,Galaxy S26,2026-09,15345,91.0,3.13
SA,A57,Galaxy A57,2026-07,32934,86.0,2.29
SA,A57,Galaxy A57,2026-08,33964,86.0,2.29
SA,A57,Galaxy A57,2026-09,36022,86.0,2.29
SA,A37,Galaxy A37,2026-07,33673,86.0,2.29
SA,A37,Galaxy A37,2026-08,34724,86.0,2.29
SA,A37,Galaxy A37,2026-09,36829,86.0,2.29
SA,A17,Galaxy A17,2026-07,30866,86.0,2.29
SA,A17,Galaxy A17,2026-08,31831,86.0,2.29
SA,A17,Galaxy A17,2026-09,33760,86.0,2.29
SA,ZFL8,Galaxy Z Flip8,2026-07,5788,93.0,3.20
SA,ZFL8,Galaxy Z Flip8,2026-08,9470,93.0,3.20
SA,ZFL8,Galaxy Z Flip8,2026-09,11048,93.0,3.20
SA,ZFD8,Galaxy Z Fold8,2026-07,2894,93.0,3.20
SA,ZFD8,Galaxy Z Fold8,2026-08,4736,93.0,3.20
SA,ZFD8,Galaxy Z Fold8,2026-09,5524,93.0,3.20
AE,S26U,Galaxy S26 Ultra,2026-01,7648,91.0,3.13
AE,S26U,Galaxy S26 Ultra,2026-02,7887,91.0,3.13
AE,S26U,Galaxy S26 Ultra,2026-03,8365,91.0,3.13
AE,S26,Galaxy S26,2026-01,6555,91.0,3.13
AE,S26,Galaxy S26,2026-02,6761,91.0,3.13
AE,S26,Galaxy S26,2026-03,7170,91.0,3.13
AE,A57,Galaxy A57,2026-01,13111,86.0,2.29
AE,A57,Galaxy A57,2026-02,13521,86.0,2.29
AE,A57,Galaxy A57,2026-03,14340,86.0,2.29
AE,A37,Galaxy A37,2026-01,14750,86.0,2.29
AE,A37,Galaxy A37,2026-02,15212,86.0,2.29
AE,A37,Galaxy A37,2026-03,16133,86.0,2.29
AE,A17,Galaxy A17,2026-01,12565,86.0,2.29
AE,A17,Galaxy A17,2026-02,12957,86.0,2.29
AE,A17,Galaxy A17,2026-03,13743,86.0,2.29
AE,S26U,Galaxy S26 Ultra,2026-04,7822,91.0,3.13
AE,S26U,Galaxy S26 Ultra,2026-05,8067,91.0,3.13
AE,S26U,Galaxy S26 Ultra,2026-06,8555,91.0,3.13
AE,S26,Galaxy S26,2026-04,6705,91.0,3.13
AE,S26,Galaxy S26,2026-05,6914,91.0,3.13
AE,S26,Galaxy S26,2026-06,7333,91.0,3.13
AE,A57,Galaxy A57,2026-04,13409,86.0,2.29
AE,A57,Galaxy A57,2026-05,13828,86.0,2.29
AE,A57,Galaxy A57,2026-06,14666,86.0,2.29
AE,A37,Galaxy A37,2026-04,15085,86.0,2.29
AE,A37,Galaxy A37,2026-05,15557,86.0,2.29
AE,A37,Galaxy A37,2026-06,16500,86.0,2.29
AE,A17,Galaxy A17,2026-04,12851,86.0,2.29
AE,A17,Galaxy A17,2026-05,13252,86.0,2.29
AE,A17,Galaxy A17,2026-06,14055,86.0,2.29
AE,S26U,Galaxy S26 Ultra,2026-07,7636,91.0,3.13
AE,S26U,Galaxy S26 Ultra,2026-08,7874,91.0,3.13
AE,S26U,Galaxy S26 Ultra,2026-09,8352,91.0,3.13
AE,S26,Galaxy S26,2026-07,6363,91.0,3.13
AE,S26,Galaxy S26,2026-08,6562,91.0,3.13
AE,S26,Galaxy S26,2026-09,6960,91.0,3.13
AE,A57,Galaxy A57,2026-07,14635,86.0,2.29
AE,A57,Galaxy A57,2026-08,15093,86.0,2.29
AE,A57,Galaxy A57,2026-09,16007,86.0,2.29
AE,A37,Galaxy A37,2026-07,15272,86.0,2.29
AE,A37,Galaxy A37,2026-08,15749,86.0,2.29
AE,A37,Galaxy A37,2026-09,16703,86.0,2.29
AE,A17,Galaxy A17,2026-07,13999,86.0,2.29
AE,A17,Galaxy A17,2026-08,14437,86.0,2.29
AE,A17,Galaxy A17,2026-09,15311,86.0,2.29
AE,ZFL8,Galaxy Z Flip8,2026-07,2652,93.0,3.20
AE,ZFL8,Galaxy Z Flip8,2026-08,4339,93.0,3.20
AE,ZFL8,Galaxy Z Flip8,2026-09,5063,93.0,3.20
AE,ZFD8,Galaxy Z Fold8,2026-07,1312,93.0,3.20
AE,ZFD8,Galaxy Z Fold8,2026-08,2148,93.0,3.20
AE,ZFD8,Galaxy Z Fold8,2026-09,2506,93.0,3.20
EG,S26U,Galaxy S26 Ultra,2026-01,10039,91.0,3.13
EG,S26U,Galaxy S26 Ultra,2026-02,10352,91.0,3.13
EG,S26U,Galaxy S26 Ultra,2026-03,10979,91.0,3.13
EG,S26,Galaxy S26,2026-01,8604,91.0,3.13
EG,S26,Galaxy S26,2026-02,8874,91.0,3.13
EG,S26,Galaxy S26,2026-03,9411,91.0,3.13
EG,A57,Galaxy A57,2026-01,17209,86.0,2.29
EG,A57,Galaxy A57,2026-02,17746,86.0,2.29
EG,A57,Galaxy A57,2026-03,18822,86.0,2.29
EG,A37,Galaxy A37,2026-01,19359,86.0,2.29
EG,A37,Galaxy A37,2026-02,19965,86.0,2.29
EG,A37,Galaxy A37,2026-03,21175,86.0,2.29
EG,A17,Galaxy A17,2026-01,16492,86.0,2.29
EG,A17,Galaxy A17,2026-02,17007,86.0,2.29
EG,A17,Galaxy A17,2026-03,18037,86.0,2.29
EG,S26U,Galaxy S26 Ultra,2026-04,10429,91.0,3.13
EG,S26U,Galaxy S26 Ultra,2026-05,10755,91.0,3.13
EG,S26U,Galaxy S26 Ultra,2026-06,11407,91.0,3.13
EG,S26,Galaxy S26,2026-04,8940,91.0,3.13
EG,S26,Galaxy S26,2026-05,9219,91.0,3.13
EG,S26,Galaxy S26,2026-06,9778,91.0,3.13
EG,A57,Galaxy A57,2026-04,17879,86.0,2.29
EG,A57,Galaxy A57,2026-05,18438,86.0,2.29
EG,A57,Galaxy A57,2026-06,19555,86.0,2.29
EG,A37,Galaxy A37,2026-04,20114,86.0,2.29
EG,A37,Galaxy A37,2026-05,20742,86.0,2.29
EG,A37,Galaxy A37,2026-06,22000,86.0,2.29
EG,A17,Galaxy A17,2026-04,17134,86.0,2.29
EG,A17,Galaxy A17,2026-05,17670,86.0,2.29
EG,A17,Galaxy A17,2026-06,18740,86.0,2.29
EG,S26U,Galaxy S26 Ultra,2026-07,9759,91.0,3.13
EG,S26U,Galaxy S26 Ultra,2026-08,10064,91.0,3.13
EG,S26U,Galaxy S26 Ultra,2026-09,10674,91.0,3.13
EG,S26,Galaxy S26,2026-07,8132,91.0,3.13
EG,S26,Galaxy S26,2026-08,8387,91.0,3.13
EG,S26,Galaxy S26,2026-09,8895,91.0,3.13
EG,A57,Galaxy A57,2026-07,18705,86.0,2.29
EG,A57,Galaxy A57,2026-08,19289,86.0,2.29
EG,A57,Galaxy A57,2026-09,20458,86.0,2.29
EG,A37,Galaxy A37,2026-07,14488,61.0,1.63
EG,A37,Galaxy A37,2026-08,14940,61.0,1.63
EG,A37,Galaxy A37,2026-09,15846,61.0,1.63
EG,A17,Galaxy A17,2026-07,17892,86.0,2.29
EG,A17,Galaxy A17,2026-08,18450,86.0,2.29
EG,A17,Galaxy A17,2026-09,19569,86.0,2.29
EG,ZFL8,Galaxy Z Flip8,2026-07,3355,93.0,3.20
EG,ZFL8,Galaxy Z Flip8,2026-08,5489,93.0,3.20
EG,ZFL8,Galaxy Z Flip8,2026-09,6404,93.0,3.20
EG,ZFD8,Galaxy Z Fold8,2026-07,1677,93.0,3.20
EG,ZFD8,Galaxy Z Fold8,2026-08,2745,93.0,3.20
EG,ZFD8,Galaxy Z Fold8,2026-09,3202,93.0,3.20
MA,S26U,Galaxy S26 Ultra,2026-01,4041,91.0,3.13
MA,S26U,Galaxy S26 Ultra,2026-02,4168,91.0,3.13
MA,S26U,Galaxy S26 Ultra,2026-03,4420,91.0,3.13
MA,S26,Galaxy S26,2026-01,3464,91.0,3.13
MA,S26,Galaxy S26,2026-02,3573,91.0,3.13
MA,S26,Galaxy S26,2026-03,3789,91.0,3.13
MA,A57,Galaxy A57,2026-01,6928,86.0,2.29
MA,A57,Galaxy A57,2026-02,7145,86.0,2.29
MA,A57,Galaxy A57,2026-03,7578,86.0,2.29
MA,A37,Galaxy A37,2026-01,7794,86.0,2.29
MA,A37,Galaxy A37,2026-02,8037,86.0,2.29
MA,A37,Galaxy A37,2026-03,8525,86.0,2.29
MA,A17,Galaxy A17,2026-01,6640,86.0,2.29
MA,A17,Galaxy A17,2026-02,6847,86.0,2.29
MA,A17,Galaxy A17,2026-03,7261,86.0,2.29
MA,S26U,Galaxy S26 Ultra,2026-04,4128,91.0,3.13
MA,S26U,Galaxy S26 Ultra,2026-05,4257,91.0,3.13
MA,S26U,Galaxy S26 Ultra,2026-06,4515,91.0,3.13
MA,S26,Galaxy S26,2026-04,3539,91.0,3.13
MA,S26,Galaxy S26,2026-05,3649,91.0,3.13
MA,S26,Galaxy S26,2026-06,3870,91.0,3.13
MA,A57,Galaxy A57,2026-04,7077,86.0,2.29
MA,A57,Galaxy A57,2026-05,7298,86.0,2.29
MA,A57,Galaxy A57,2026-06,7741,86.0,2.29
MA,A37,Galaxy A37,2026-04,7962,86.0,2.29
MA,A37,Galaxy A37,2026-05,8211,86.0,2.29
MA,A37,Galaxy A37,2026-06,8708,86.0,2.29
MA,A17,Galaxy A17,2026-04,6782,86.0,2.29
MA,A17,Galaxy A17,2026-05,6995,86.0,2.29
MA,A17,Galaxy A17,2026-06,7418,86.0,2.29
