market,fiscal_quarter,model_code,model,gross_margin_pct
SA,2026-Q1,S26U,Galaxy S26 Ultra,31.5
SA,2026-Q1,S26,Galaxy S26,31.5
SA,2026-Q1,A57,Galaxy A57,18.0
SA,2026-Q1,A37,Galaxy A37,18.0
SA,2026-Q1,A17,Galaxy A17,18.0
SA,2026-Q2,S26U,Galaxy S26 Ultra,31.5
SA,2026-Q2,S26,Galaxy S26,31.5
SA,2026-Q2,A57,Galaxy A57,18.0
SA,2026-Q2,A37,Galaxy A37,18.0
SA,2026-Q2,A17,Galaxy A17,18.0
SA,2026-Q3,S26U,Galaxy S26 Ultra,31.5
SA,2026-Q3,S26,Galaxy S26,31.5
SA,2026-Q3,A57,Galaxy A57,18.0
SA,2026-Q3,A37,Galaxy A37,18.0
SA,2026-Q3,A17,Galaxy A17,18.0
SA,2026-Q3,ZFL8,Galaxy Z Flip8,35.0
SA,2026-Q3,ZFD8,Galaxy Z Fold8,35.0
AE,2026-Q1,S26U,Galaxy S26 Ultra,32.5
AE,2026-Q1,S26,Galaxy S26,32.5
AE,2026-Q1,A57,Galaxy A57,19.0
AE,2026-Q1,A37,Galaxy A37,19.0
AE,2026-Q1,A17,Galaxy A17,19.0
AE,2026-Q2,S26U,Galaxy S26 Ultra,32.5
AE,2026-Q2,S26,Galaxy S26,32.5
AE,2026-Q2,A57,Galaxy A57,19.0
AE,2026-Q2,A37,Galaxy A37,19.0
AE,2026-Q2,A17,Galaxy A17,19.0
AE,2026-Q3,S26U,Galaxy S26 Ultra,32.5
AE,2026-Q3,S26,Galaxy S26,32.5
AE,2026-Q3,A57,Galaxy A57,19.0
AE,2026-Q3,A37,Galaxy A37,19.0
AE,2026-Q3,A17,Galaxy A17,19.0
AE,2026-Q3,ZFL8,Galaxy Z Flip8,36.0
AE,2026-Q3,ZFD8,Galaxy Z Fold8,36.0
EG,2026-Q1,S26U,Galaxy S26 Ultra,29.0
EG,2026-Q1,S26,Galaxy S26,29.0
EG,2026-Q1,A57,Galaxy A57,15.5
EG,2026-Q1,A37,Galaxy A37,15.5
EG,2026-Q1,A17,Galaxy A17,15.5
EG,2026-Q2,S26U,Galaxy S26 Ultra,29.0
EG,2026-Q2,S26,Galaxy S26,29.0
EG,2026-Q2,A57,Galaxy A57,15.5
EG,2026-Q2,A37,Galaxy A37,15.5
EG,2026-Q2,A17,Galaxy A17,15.5
EG,2026-Q3,S26U,Galaxy S26 Ultra,29.0
EG,2026-Q3,S26,Galaxy S26,29.0
EG,2026-Q3,A57,Galaxy A57,15.5
EG,2026-Q3,A37,Galaxy A37,15.5
EG,2026-Q3,A17,Galaxy A17,15.5
EG,2026-Q3,ZFL8,Galaxy Z Flip8,32.5
EG,2026-Q3,ZFD8,Galaxy Z Fold8,32.5
MA,2026-Q1,S26U,Galaxy S26 Ultra,30.5
MA,2026-Q1,S26,Galaxy S26,30.5
MA,2026-Q1,A57,Galaxy A57,17.0
MA,2026-Q1,A37,Galaxy A37,17.0
MA,2026-Q1,A17,Galaxy A17,17.0
MA,2026-Q2,S26U,Galaxy S26 Ultra,30.5
MA,2026-Q2,S26,Galaxy S26,30.5
MA,2026-Q2,A57,Galaxy A57,17.0
MA,2026-Q2,A37,Galaxy A37,17.0
MA,2026-Q2,A17,Galaxy A17,17.0
MA,2026-Q3,S26U,Galaxy S26 Ultra,30.5
MA,2026-Q3,S26,Galaxy S26,30.5
MA,2026-Q3,A57,Galaxy A57,17.0
MA,2026-Q3,A37,Galaxy A37,17.0
MA,2026-Q3,A17,Galaxy A17,17.0
MA,2026-Q3,ZFL8,Galaxy Z Flip8,34.0
MA,2026-Q3,ZFD8,Galaxy Z Fold8,34.0
