market,model_code,model,month,active_devices,new_activations,retired_devices
SA,S26U,Galaxy S26 Ultra,2026-01,560211,17165,9954
SA,S26U,Galaxy S26 Ultra,2026-02,567829,17702,10084
SA,S26U,Galaxy S26 Ultra,2026-03,576382,18774,10221
SA,S26,Galaxy S26,2026-01,480181,14713,8532
SA,S26,Galaxy S26,2026-02,486711,15173,8643
SA,S26,Galaxy S26,2026-03,494042,16092,8761
SA,A57,Galaxy A57,2026-01,960362,29426,17064
SA,A57,Galaxy A57,2026-02,973420,30345,17287
SA,A57,Galaxy A57,2026-03,988083,32185,17522
SA,A37,Galaxy A37,2026-01,1080407,33104,19197
SA,A37,Galaxy A37,2026-02,1095099,34139,19447
SA,A37,Galaxy A37,2026-03,1111594,36207,19712
SA,A17,Galaxy A17,2026-01,920347,28200,16353
SA,A17,Galaxy A17,2026-02,932863,29082,16566
SA,A17,Galaxy A17,2026-03,946914,30843,16792
SA,S26U,Galaxy S26 Ultra,2026-04,583824,17817,10375
SA,S26U,Galaxy S26 Ultra,2026-05,591689,18374,10509
SA,S26U,Galaxy S26 Ultra,2026-06,600526,19487,10650
SA,S26,Galaxy S26,2026-04,500421,15272,8893
SA,S26,Galaxy S26,2026-05,507162,15749,9008
SA,S26,Galaxy S26,2026-06,514736,16703,9129
SA,A57,Galaxy A57,2026-04,1000841,30543,17785
SA,A57,Galaxy A57,2026-05,1014324,31498,18015
SA,A57,Galaxy A57,2026-06,1029473,33407,18258
SA,A37,Galaxy A37,2026-04,1125946,34361,20009
SA,A37,Galaxy A37,2026-05,1141114,35435,20267
SA,A37,Galaxy A37,2026-06,1158157,37583,20540
SA,A17,Galaxy A17,2026-04,959141,29271,17044
SA,A17,Galaxy A17,2026-05,972061,30185,17265
SA,A17,Galaxy A17,2026-06,986579,32015,17497
SA,S26U,Galaxy S26 Ultra,2026-07,606553,16836,10809
SA,S26U,Galaxy S26 Ultra,2026-08,612997,17362,10918
SA,S26U,Galaxy S26 Ultra,2026-09,620377,18414,11034
SA,S26,Galaxy S26,2026-07,519501,14030,9265
SA,S26,Galaxy S26,2026-08,524619,14469,9351
SA,S26,Galaxy S26,2026-09,530521,15345,9443
SA,A57,Galaxy A57,2026-07,1043876,32934,18531
SA,A57,Galaxy A57,2026-08,1059050,33964,18790
SA,A57,Galaxy A57,2026-09,1076009,36022,19063
SA,A37,Galaxy A37,2026-07,1170983,33673,20847
SA,A37,Galaxy A37,2026-08,1184629,34724,21078
SA,A37,Galaxy A37,2026-09,1200135,36829,21323
SA,A17,Galaxy A17,2026-07,999687,30866,17758
SA,A17,Galaxy A17,2026-08,1013524,31831,17994
SA,A17,Galaxy A17,2026-09,1029041,33760,18243
SA,ZFL8,Galaxy Z Flip8,2026-07,5788,5788,0
SA,ZFL8,Galaxy Z Flip8,2026-08,15154,9470,104
SA,ZFL8,Galaxy Z Flip8,2026-09,25929,11048,273
SA,ZFD8,Galaxy Z Fold8,2026-07,2894,2894,0
SA,ZFD8,Galaxy Z Fold8,2026-08,7578,4736,52
SA,ZFD8,Galaxy Z Fold8,2026-09,12966,5524,136
AE,S26U,Galaxy S26 Ultra,2026-01,249613,7648,4435
AE,S26U,Galaxy S26 Ultra,2026-02,253007,7887,4493
AE,S26U,Galaxy S26 Ultra,2026-03,256818,8365,4554
AE,S26,Galaxy S26,2026-01,213953,6555,3802
AE,S26,Galaxy S26,2026-02,216863,6761,3851
AE,S26,Galaxy S26,2026-03,220129,7170,3904
AE,A57,Galaxy A57,2026-01,427908,13111,7603
AE,A57,Galaxy A57,2026-02,433727,13521,7702
AE,A57,Galaxy A57,2026-03,440260,14340,7807
AE,A37,Galaxy A37,2026-01,481396,14750,8554
AE,A37,Galaxy A37,2026-02,487943,15212,8665
AE,A37,Galaxy A37,2026-03,495293,16133,8783
AE,A17,Galaxy A17,2026-01,410079,12565,7286
AE,A17,Galaxy A17,2026-02,415655,12957,7381
AE,A17,Galaxy A17,2026-03,421916,13743,7482
AE,S26U,Galaxy S26 Ultra,2026-04,260017,7822,4623
AE,S26U,Galaxy S26 Ultra,2026-05,263404,8067,4680
AE,S26U,Galaxy S26 Ultra,2026-06,267218,8555,4741
AE,S26,Galaxy S26,2026-04,222872,6705,3962
AE,S26,Galaxy S26,2026-05,225774,6914,4012
AE,S26,Galaxy S26,2026-06,229043,7333,4064
AE,A57,Galaxy A57,2026-04,445744,13409,7925
AE,A57,Galaxy A57,2026-05,451549,13828,8023
AE,A57,Galaxy A57,2026-06,458087,14666,8128
AE,A37,Galaxy A37,2026-04,501463,15085,8915
AE,A37,Galaxy A37,2026-05,507994,15557,9026
AE,A37,Galaxy A37,2026-06,515350,16500,9144
AE,A17,Galaxy A17,2026-04,427173,12851,7594
AE,A17,Galaxy A17,2026-05,432736,13252,7689
AE,A17,Galaxy A17,2026-06,439002,14055,7789
AE,S26U,Galaxy S26 Ultra,2026-07,270044,7636,4810
AE,S26U,Galaxy S26 Ultra,2026-08,273057,7874,4861
AE,S26U,Galaxy S26 Ultra,2026-09,276494,8352,4915
AE,S26,Galaxy S26,2026-07,231283,6363,4123
AE,S26,Galaxy S26,2026-08,233682,6562,4163
AE,S26,Galaxy S26,2026-09,236436,6960,4206
AE,A57,Galaxy A57,2026-07,464476,14635,8246
AE,A57,Galaxy A57,2026-08,471208,15093,8361
AE,A57,Galaxy A57,2026-09,478733,16007,8482
AE,A37,Galaxy A37,2026-07,521346,15272,9276
AE,A37,Galaxy A37,2026-08,527711,15749,9384
AE,A37,Galaxy A37,2026-09,534915,16703,9499
AE,A17,Galaxy A17,2026-07,445099,13999,7902
AE,A17,Galaxy A17,2026-08,451524,14437,8012
AE,A17,Galaxy A17,2026-09,458708,15311,8127
AE,ZFL8,Galaxy Z Flip8,2026-07,2652,2652,0
AE,ZFL8,Galaxy Z Flip8,2026-08,6943,4339,48
AE,ZFL8,Galaxy Z Flip8,2026-09,11881,5063,125
AE,ZFD8,Galaxy Z Fold8,2026-07,1312,1312,0
AE,ZFD8,Galaxy Z Fold8,2026-08,3436,2148,24
AE,ZFD8,Galaxy Z Fold8,2026-09,5880,2506,62
EG,S26U,Galaxy S26 Ultra,2026-01,327618,10039,5821
EG,S26U,Galaxy S26 Ultra,2026-02,332073,10352,5897
EG,S26U,Galaxy S26 Ultra,2026-03,337075,10979,5977
EG,S26,Galaxy S26,2026-01,280814,8604,4990
EG,S26,Galaxy S26,2026-02,284633,8874,5055
EG,S26,Galaxy S26,2026-03,288921,9411,5123
EG,A57,Galaxy A57,2026-01,561630,17209,9979
EG,A57,Galaxy A57,2026-02,569267,17746,10109
EG,A57,Galaxy A57,2026-03,577842,18822,10247
EG,A37,Galaxy A37,2026-01,631832,19359,11227
EG,A37,Galaxy A37,2026-02,640424,19965,11373
EG,A37,Galaxy A37,2026-03,650071,21175,11528
EG,A17,Galaxy A17,2026-01,538229,16492,9563
EG,A17,Galaxy A17,2026-02,545548,17007,9688
EG,A17,Galaxy A17,2026-03,553765,18037,9820
EG,S26U,Galaxy S26 Ultra,2026-04,341437,10429,6067
EG,S26U,Galaxy S26 Ultra,2026-05,346046,10755,6146
EG,S26U,Galaxy S26 Ultra,2026-06,351224,11407,6229
EG,S26,Galaxy S26,2026-04,292660,8940,5201
EG,S26,Galaxy S26,2026-05,296611,9219,5268
EG,S26,Galaxy S26,2026-06,301050,9778,5339
EG,A57,Galaxy A57,2026-04,585320,17879,10401
EG,A57,Galaxy A57,2026-05,593222,18438,10536
EG,A57,Galaxy A57,2026-06,602099,19555,10678
EG,A37,Galaxy A37,2026-04,658484,20114,11701
EG,A37,Galaxy A37,2026-05,667373,20742,11853
EG,A37,Galaxy A37,2026-06,677360,22000,12013
EG,A17,Galaxy A17,2026-04,560931,17134,9968
EG,A17,Galaxy A17,2026-05,568504,17670,10097
EG,A17,Galaxy A17,2026-06,577011,18740,10233
EG,S26U,Galaxy S26 Ultra,2026-07,354661,9759,6322
EG,S26U,Galaxy S26 Ultra,2026-08,358341,10064,6384
EG,S26U,Galaxy S26 Ultra,2026-09,362565,10674,6450
EG,S26,Galaxy S26,2026-07,303763,8132,5419
EG,S26,Galaxy S26,2026-08,306682,8387,5468
EG,S26,Galaxy S26,2026-09,310057,8895,5520
EG,A57,Galaxy A57,2026-07,609966,18705,10838
EG,A57,Galaxy A57,2026-08,618276,19289,10979
EG,A57,Galaxy A57,2026-09,627605,20458,11129
EG,A37,Galaxy A37,2026-07,675591,14488,16257
EG,A37,Galaxy A37,2026-08,674317,14940,16214
EG,A37,Galaxy A37,2026-09,673979,15846,16184
EG,A17,Galaxy A17,2026-07,584517,17892,10386
EG,A17,Galaxy A17,2026-08,592446,18450,10521
EG,A17,Galaxy A17,2026-09,601351,19569,10664
EG,ZFL8,Galaxy Z Flip8,2026-07,3355,3355,0
EG,ZFL8,Galaxy Z Flip8,2026-08,8784,5489,60
EG,ZFL8,Galaxy Z Flip8,2026-09,15030,6404,158
EG,ZFD8,Galaxy Z Fold8,2026-07,1677,1677,0
EG,ZFD8,Galaxy Z Fold8,2026-08,4392,2745,30
EG,ZFD8,Galaxy Z Fold8,2026-09,7515,3202,79
MA,S26U,Galaxy S26 Ultra,2026-01,131897,4041,2344
MA,S26U,Galaxy S26 Ultra,2026-02,133691,4168,2374
MA,S26U,Galaxy S26 Ultra,2026-03,135705,4420,2406
MA,S26,Galaxy S26,2026-01,113055,3464,2009
MA,S26,Galaxy S26,2026-02,114593,3573,2035
MA,S26,Galaxy S26,2026-03,116319,3789,2063
MA,A57,Galaxy A57,2026-01,226110,6928,4018
MA,A57,Galaxy A57,2026-02,229185,7145,4070
MA,A57,Galaxy A57,2026-03,232638,7578,4125
MA,A37,Galaxy A37,2026-01,254374,7794,4520
MA,A37,Galaxy A37,2026-02,257832,8037,4579
MA,A37,Galaxy A37,2026-03,261716,8525,4641
MA,A17,Galaxy A17,2026-01,216690,6640,3850
MA,A17,Galaxy A17,2026-02,219637,6847,3900
MA,A17,Galaxy A17,2026-03,222945,7261,3953
MA,S26U,Galaxy S26 Ultra,2026-04,137390,4128,2443
MA,S26U,Galaxy S26 Ultra,2026-05,139174,4257,2473
MA,S26U,Galaxy S26 Ultra,2026-06,141184,4515,2505
MA,S26,Galaxy S26,2026-04,117764,3539,2094
MA,S26,Galaxy S26,2026-05,119293,3649,2120
MA,S26,Galaxy S26,2026-06,121016,3870,2147
MA,A57,Galaxy A57,2026-04,235528,7077,4187
MA,A57,Galaxy A57,2026-05,238586,7298,4240
MA,A57,Galaxy A57,2026-06,242032,7741,4295
MA,A37,Galaxy A37,2026-04,264967,7962,4711
MA,A37,Galaxy A37,2026-05,268409,8211,4769
MA,A37,Galaxy A37,2026-06,272286,8708,4831
MA,A17,Galaxy A17,2026-04,225714,6782,4013
MA,A17,Galaxy A17,2026-05,228646,6995,4063
MA,A17,Galaxy A17,2026-06,231948,7418,4116
MA,S26U,Galaxy S26 Ultra,2026-07,142405,3762,2541
MA,S26U,Galaxy S26 Ultra,2026-08,143722,3880,2563
MA,S26U,Galaxy S26 Ultra,2026-09,145250,4115,2587
MA,S26,Galaxy S26,2026-07,121973,3135,2178
MA,S26,Galaxy S26,2026-08,123010,3233,2196
MA,S26,Galaxy S26,2026-09,124225,3429,2214
MA,A57,Galaxy A57,2026-07,244886,7211,4357
MA,A57,Galaxy A57,2026-08,247914,7436,4408
MA,A57,Galaxy A57,2026-09,251338,7886,4462
MA,A37,Galaxy A37,2026-07,274909,7524,4901
MA,A37,Galaxy A37,2026-08,277720,7759,4948
MA,A37,Galaxy A37,2026-09,280950,8229,4999
MA,A17,Galaxy A17,2026-07,234670,6897,4175
MA,A17,Galaxy A17,2026-08,237559,7113,4224
MA,A17,Galaxy A17,2026-09,240827,7544,4276
MA,ZFL8,Galaxy Z Flip8,2026-07,1293,1293,0
MA,ZFL8,Galaxy Z Flip8,2026-08,3387,2117,23
MA,ZFL8,Galaxy Z Flip8,2026-09,5795,2469,61
MA,ZFD8,Galaxy Z Fold8,2026-07,647,647,0
MA,ZFD8,Galaxy Z Fold8,2026-08,1693,1058,12
MA,ZFD8,Galaxy Z Fold8,2026-09,2897,1234,30
