market,fiscal_quarter,brand,volume_share_pct,value_share_pct,panel
SA,2026-Q1,Samsung,30.6,29.3,Synthetic retail panel
SA,2026-Q1,Apple,24.1,46.1,Synthetic retail panel
SA,2026-Q1,Xiaomi,13.2,6.9,Synthetic retail panel
SA,2026-Q1,Transsion,8.0,3.1,Synthetic retail panel
SA,2026-Q1,Others,24.1,14.7,Synthetic retail panel
SA,2026-Q2,Samsung,31.2,29.6,Synthetic retail panel
SA,2026-Q2,Apple,24.4,46.4,Synthetic retail panel
SA,2026-Q2,Xiaomi,13.0,6.7,Synthetic retail panel
SA,2026-Q2,Transsion,8.1,3.1,Synthetic retail panel
SA,2026-Q2,Others,23.3,14.1,Synthetic retail panel
SA,2026-Q3,Samsung,32.0,30.2,Synthetic retail panel
SA,2026-Q3,Apple,24.6,46.5,Synthetic retail panel
SA,2026-Q3,Xiaomi,12.6,6.5,Synthetic retail panel
SA,2026-Q3,Transsion,8.0,3.1,Synthetic retail panel
SA,2026-Q3,Others,22.8,13.7,Synthetic retail panel
AE,2026-Q1,Samsung,27.9,23.8,Synthetic retail panel
AE,2026-Q1,Apple,33.0,56.4,Synthetic retail panel
AE,2026-Q1,Xiaomi,9.1,4.2,Synthetic retail panel
AE,2026-Q1,Transsion,4.1,1.4,Synthetic retail panel
AE,2026-Q1,Others,25.9,14.1,Synthetic retail panel
AE,2026-Q2,Samsung,27.5,23.4,Synthetic retail panel
AE,2026-Q2,Apple,33.6,57.1,Synthetic retail panel
AE,2026-Q2,Xiaomi,9.0,4.2,Synthetic retail panel
AE,2026-Q2,Transsion,4.0,1.4,Synthetic retail panel
AE,2026-Q2,Others,25.9,14.0,Synthetic retail panel
AE,2026-Q3,Samsung,27.2,23.0,Synthetic retail panel
AE,2026-Q3,Apple,34.1,57.6,Synthetic retail panel
AE,2026-Q3,Xiaomi,8.9,4.1,Synthetic retail panel
AE,2026-Q3,Transsion,4.0,1.4,Synthetic retail panel
AE,2026-Q3,Others,25.8,13.9,Synthetic retail panel
EG,2026-Q1,Samsung,23.8,30.2,Synthetic retail panel
EG,2026-Q1,Apple,9.2,23.3,Synthetic retail panel
EG,2026-Q1,Xiaomi,19.8,13.7,Synthetic retail panel
EG,2026-Q1,Transsion,18.5,9.6,Synthetic retail panel
EG,2026-Q1,Others,28.7,23.2,Synthetic retail panel
EG,2026-Q2,Samsung,24.1,30.7,Synthetic retail panel
EG,2026-Q2,Apple,9.0,22.9,Synthetic retail panel
EG,2026-Q2,Xiaomi,19.6,13.6,Synthetic retail panel
EG,2026-Q2,Transsion,18.8,9.8,Synthetic retail panel
EG,2026-Q2,Others,28.5,23.1,Synthetic retail panel
EG,2026-Q3,Samsung,25.7,32.6,Synthetic retail panel
EG,2026-Q3,Apple,8.7,22.1,Synthetic retail panel
EG,2026-Q3,Xiaomi,18.9,13.1,Synthetic retail panel
EG,2026-Q3,Transsion,18.6,9.6,Synthetic retail panel
EG,2026-Q3,Others,28.1,22.7,Synthetic retail panel
MA,2026-Q1,Samsung,28.7,33.8,Synthetic retail panel
MA,2026-Q1,Apple,11.5,27.1,Synthetic retail panel
MA,2026-Q1,Xiaomi,17.9,11.5,Synthetic retail panel
MA,2026-Q1,Transsion,14.0,6.7,Synthetic retail panel
MA,2026-Q1,Others,27.9,20.9,Synthetic retail panel
MA,2026-Q2,Samsung,29.0,34.2,Synthetic retail panel
MA,2026-Q2,Apple,11.4,26.9,Synthetic retail panel
MA,2026-Q2,Xiaomi,17.7,11.4,Synthetic retail panel
MA,2026-Q2,Transsion,14.2,6.8,Synthetic retail panel
MA,2026-Q2,Others,27.7,20.8,Synthetic retail panel
MA,2026-Q3,Samsung,29.4,34.7,Synthetic retail panel
MA,2026-Q3,Apple,11.2,26.4,Synthetic retail panel
MA,2026-Q3,Xiaomi,17.4,11.2,Synthetic retail panel
MA,2026-Q3,Transsion,14.3,6.9,Synthetic retail panel
MA,2026-Q3,Others,27.7,20.8,Synthetic retail panel
