market,month,new_activations,opted_in_devices,coverage_pct
SA,2026-01,122608,76017,62.0
SA,2026-02,126441,78393,62.0
SA,2026-03,134101,83143,62.0
SA,2026-04,127264,78904,62.0
SA,2026-05,131241,81369,62.0
SA,2026-06,139195,86301,62.0
SA,2026-07,137021,84953,62.0
SA,2026-08,146556,90865,62.0
SA,2026-09,156942,97304,62.0
AE,2026-01,54629,38787,71.0
AE,2026-02,56338,40000,71.0
AE,2026-03,59751,42423,71.0
AE,2026-04,55872,39669,71.0
AE,2026-05,57618,40909,71.0
AE,2026-06,61109,43387,71.0
AE,2026-07,61869,43927,71.0
AE,2026-08,66202,47003,71.0
AE,2026-09,70902,50340,71.0
EG,2026-01,71703,34417,48.0
EG,2026-02,73944,35493,48.0
EG,2026-03,78424,37644,48.0
EG,2026-04,74496,35758,48.0
EG,2026-05,76824,36876,48.0
EG,2026-06,81480,39110,48.0
EG,2026-07,74008,35524,48.0
EG,2026-08,79364,38095,48.0
EG,2026-09,85048,40823,48.0
MA,2026-01,28867,11547,40.0
MA,2026-02,29770,11908,40.0
MA,2026-03,31573,12629,40.0
MA,2026-04,29488,11795,40.0
MA,2026-05,30410,12164,40.0
MA,2026-06,32252,12901,40.0
MA,2026-07,30469,12188,40.0
MA,2026-08,32596,13038,40.0
MA,2026-09,34906,13962,40.0
