system,report_id,name,status,data_mode,owner,access_method,grain,dimensions,measures,units,history,refresh,prompts,export_api_rights,sensitivity,approval_status,example_link,notes
nerp,nerp-mkt-spend-quarterly,Marketing spend by market quarter and category,SYNTHETIC_FIXTURE,SYNTHETIC,TBD,unknown,market x fiscal_quarter x category,market;fiscal_quarter;spend_category;local_currency,spend_usd;spend_local;fx_planning_rate,USD;local,2026-Q1..Q3 (synthetic),daily,fiscal_quarter;market,unknown,internal,REQUEST_PENDING,,Live candidate; FX basis to confirm
nerp,nerp-campaigns,Campaign budgets by objective,SYNTHETIC_FIXTURE,SYNTHETIC,TBD,unknown,campaign,campaign_id;market;fiscal_quarter;objective,spend_usd,USD,2026-Q1..Q3 (synthetic),daily,fiscal_quarter;market;objective,unknown,internal,REQUEST_PENDING,,Free-text notes are untrusted input
gscm,gscm-sell-in-sell-out-monthly,Sell-in sell-out and channel stock by model and month,SYNTHETIC_FIXTURE,SYNTHETIC,TBD (GSCM / IT VOC),unknown,market x model x month,market;model_code;month;fiscal_quarter,sell_in_units;sell_out_units;channel_stock_units,units,2026-01..09 (synthetic),daily,month;fiscal_quarter;market;model_code,unknown,internal,REQUEST_PENDING,,One of ~100 GSCM candidates to inventory by metadata
gscm,gscm-sell-through-quarterly,Sell-through by market and quarter,SYNTHETIC_FIXTURE,SYNTHETIC,TBD,unknown,market x fiscal_quarter,market;fiscal_quarter,sell_in_units;sell_out_units;opening/closing stock;sell_through_rate_pct,units;%,2026-Q1..Q3 (synthetic),daily,fiscal_quarter;market,unknown,internal,REQUEST_PENDING,,
asap,asap-share-quarterly,Smartphone market share by brand,SYNTHETIC_FIXTURE,SYNTHETIC,TBD (market intelligence),MicroStrategy Library REST (unvalidated),market x fiscal_quarter x brand,market;fiscal_quarter;brand,volume_share_pct;value_share_pct,%,2026-Q1..Q3 (synthetic),weekly,fiscal_quarter;market;brand,unknown,internal,REQUEST_PENDING,,Panel lag ~4 weeks
asap,asap-smartswitch-transfers,Smart Switch transfers by origin brand,SYNTHETIC_FIXTURE,SYNTHETIC,TBD (consumer data),MicroStrategy Library REST (unvalidated),market x month x origin x family,market;month;origin_brand;target_family,transfers,transfers,2026-01..09 (synthetic),daily,month;market;origin_brand,unknown,internal,REQUEST_PENDING,,Aggregated observed events only
asap,asap-smartswitch-coverage,Smart Switch observation coverage,SYNTHETIC_FIXTURE,SYNTHETIC,TBD,MicroStrategy Library REST (unvalidated),market x month,market;month,new_activations;opted_in_devices;coverage_pct,devices;%,2026-01..09 (synthetic),daily,month;market,unknown,internal,REQUEST_PENDING,,
asap,asap-installed-base,Installed base by model,SYNTHETIC_FIXTURE,SYNTHETIC,TBD,MicroStrategy Library REST (unvalidated),market x model x month,market;model_code;month,active_devices;new_activations;retired_devices,devices,2026-01..09 (synthetic),daily,month;market;model_code,unknown,internal,REQUEST_PENDING,,
asap,asap-app-engagement,Device and app engagement,SYNTHETIC_FIXTURE,SYNTHETIC,TBD,MicroStrategy Library REST (unvalidated),market x model x month,market;model_code;month,new_device_activations;d30_active_rate_pct;galaxy_store_mau_per_device,devices;%,2026-01..09 (synthetic; MA Q3 missing),daily,month;market;model_code,unknown,internal,REQUEST_PENDING,,Aggregated only
asap,asap-gross-margin,Gross margin by model (restricted),SYNTHETIC_FIXTURE,SYNTHETIC,TBD (finance),MicroStrategy Library REST (unvalidated),market x model x quarter,market;fiscal_quarter;model_code,gross_margin_pct,%,2026-Q1..Q3 (synthetic),monthly,fiscal_quarter;market,unknown,restricted,REQUEST_PENDING,,Not incremental margin
asap,asap-exec-dossier,MENAT executive overview (dossier),NAVIGATION_ONLY,SYNTHETIC,TBD,Library browse only,n/a,n/a,n/a,n/a,n/a,unknown,n/a,none,internal,NAVIGATION_ONLY,,Rows need an approved visualization + parity
asap,asap-retail-coverage,Retail door coverage,NAVIGATION_ONLY,SYNTHETIC,TBD,Library browse only,n/a,n/a,n/a,n/a,n/a,unknown,market,none,internal,NAVIGATION_ONLY,,
